name;maxspeed
Corso Alcide De Gasperi;50
Corso Belgio(TO);50
Corso Benedetto Croce;30
Corso Benedetto Croce;30
Corso Bramante;50
Corso Bramante;50
Corso Bramante;50
Corso Bramante;50
Corso Cadore;50
Corso Cairoli;50
Corso Cairoli;30
Corso canonico Giuseppe Allamano;30
Corso canonico Giuseppe Allamano;50
Corso canonico Giuseppe Allamano;50
Corso canonico Giuseppe Allamano;50
Corso canonico Giuseppe Allamano;50
Corso canonico Giuseppe Allamano;50
Corso canonico Giuseppe Allamano;50
Corso Carlo Luigi Farini;50
Corso Carlo Luigi Farini;50
Corso Casale;50
Corso Casale;30
Corso Casale;30
Corso Casale;50
Corso Casale;30
Corso Cesare Correnti;50
Corso Corsica;50
Corso Corsica;50
Corso Corsica;50
Corso Corsica;50
Corso Corsica;50
Corso Corsica;50
Corso Corsica;50
Corso Corsica;50
Corso Corsica;50
Corso Cosenza(TO);30
Corso Cosenza(TO);30
Corso Dante Alighieri;30
Corso Dante Alighieri;50
Corso Dante Alighieri;50
Corso Duca degli Abruzzi;50
Corso Duca degli Abruzzi;50
Corso Duca degli Abruzzi;30
Corso Duca degli Abruzzi;50
Corso Duca degli Abruzzi;50
Corso Duca degli Abruzzi;30
Corso Duca degli Abruzzi;50
Corso Enrico De Nicola;50
Corso Enrico Tazzoli;50
Corso Enrico Tazzoli;30
Corso Giambone(TO);50
Corso Giambone(TO);50
Corso Filippo Brunelleschi;50
Corso Filippo Brunelleschi;40
Corso Filippo Brunelleschi;50
Corso Filippo Brunelleschi;50
Corso Filippo Brunelleschi;50
Corso Filippo Brunelleschi;50
Corso Filippo Brunelleschi;50
Corso Filippo Brunelleschi;50
Corso Filippo Brunelleschi;50
Corso Filippo Brunelleschi;50
Corso Filippo Brunelleschi;50
Corso Filippo Brunelleschi;50
Corso Filippo Brunelleschi;40
Corso Fiume;50
Corso Fiume;50
Corso Fiume;50
Corso Fiume;50
Corso Francia(TO);50
Corso Francia(TO);50
Corso Francia(TO);50
Corso Francia(TO);50
Corso Francia(TO);50
Corso Francia(TO);50
Corso Francia(TO);50
Corso Francia(TO);50
Corso Francia(TO);50
Corso Francia(TO);50
Corso Francia(TO);50
Corso Francia(TO);50
Corso Francia(TO);50
Corso Francia(TO);50
Corso Francia(TO);50
Corso Francia(TO);50
Corso Francia(TO);50
Corso Gaetano Salvemini;50
Corso Gaetano Salvemini;50
Corso Gaetano Salvemini;50
Corso Gaetano Salvemini;50
Corso Gaetano Salvemini;50
Corso Gaetano Salvemini;50
Corso Gaetano Salvemini;50
Corso Gaetano Salvemini;50
Corso Galileo Ferraris(TO);40
Corso Galileo Ferraris(TO);40
Corso Galileo Ferraris(TO);40
Corso Galileo Ferraris(TO);40
Corso Galileo Ferraris(TO);40
Corso Galileo Ferraris(TO);40
Corso Giambone(TO);50
Corso Giovanni Agnelli;50
Corso Giovanni Agnelli;50
Corso Giovanni Agnelli;30
Corso Giovanni Agnelli;50
Corso Giovanni Agnelli;50
Corso Giovanni Agnelli;30
Corso Giovanni Agnelli;50
Corso Giovanni Agnelli;50
Corso Giovanni Agnelli;50
Corso Giovanni Agnelli;30
Corso Giovanni Agnelli;50
Corso Giulio Cesare(TO);30
Corso Giulio Cesare(TO);30
Corso Giulio Cesare(TO);30
Corso Giulio Cesare(TO);30
Corso Giuseppe Siccardi;50
Corso Giuseppe Siccardi;50
Corso Giuseppe Siccardi;50
Corso Giuseppe Siccardi;50
Corso Giuseppe Siccardi;50
Corso Lepanto;50
Corso Lepanto;50
Corso Lione;20
Corso Lione;50
Corso Lione;20
Corso Einaudi(TO);50
Corso Einaudi(TO);50
Corso Einaudi(TO);50
Corso Luigi Kossuth;30
Corso Luigi Kossuth;30
Corso Mediterraneo;20
Corso Mediterraneo;50
Corso Mediterraneo;20
Corso Mediterraneo;50
Corso Mediterraneo;50
Corso Mediterraneo;20
Corso Novara(TO);50
Corso Orbassano(TO);50
Corso Orbassano(TO);50
Corso Orbassano(TO);50
Corso Orbassano(TO);50
Corso Orbassano(TO);50
Corso Orbassano(TO);50
Corso Orbassano(TO);50
Corso Orbassano(TO);50
Corso Palestro;50
Corso Palestro;50
Corso Palestro;50
Corso Palestro;50
Corso Palestro;50
Corso Peschiera(TO);50
Corso Peschiera(TO);50
Corso Potenza(TO);30
Corso Potenza(TO);30
Corso Principe Eugenio;50
Corso Principe Eugenio;50
Corso Principe Oddone;20
Corso Principe Oddone;20
Corso Principe Oddone;20
Corso Principe Oddone;20
Corso Principe Oddone;20
Corso IV Novembre(TO);50
Corso IV Novembre(TO);50
Corso IV Novembre(TO);50
Corso IV Novembre(TO);50
Corso Quintino Sella;30
Corso Re Umberto;50
Corso Re Umberto;50
Corso Re Umberto;30
Corso Regina Margherita(TO);50
Corso Regina Margherita(TO);50
Corso Regina Margherita(TO);50
Corso Regina Margherita(TO);50
Corso Regina Margherita(TO);50
Corso Regina Margherita(TO);50
Corso Regina Margherita(TO);50
Corso Regina Margherita(TO);50
Corso Regina Margherita(TO);50
Corso San Maurizio(TO);50
Corso San Maurizio(TO);50
Corso Sebastopoli(TO);50
Corso Sebastopoli(TO);50
Corso Sebastopoli(TO);50
Corso Sebastopoli(TO);50
Corso Sebastopoli(TO);50
Corso Sicilia;30
Corso Sicilia;30
Corso Sicilia;30
Corso Sicilia;30
Corso Siracusa(TO);40
Corso Siracusa(TO);40
Corso Siracusa(TO);40
Corso Siracusa(TO);40
Corso Siracusa(TO);40
Corso Siracusa(TO);40
Corso Siracusa(TO);40
Corso Stati Uniti;30
Corso Stati Uniti;50
Corso Stati Uniti;50
Corso Stati Uniti;50
Corso Stati Uniti;50
Corso Traiano;50
Corso Traiano;50
Corso Trapani(TO);40
Corso Trapani(TO);40
Corso Trapani(TO);40
Corso Trapani(TO);40
Corso Trapani(TO);40
Corso Trapani(TO);40
Corso Trapani(TO);40
Corso Trattati di Roma;50
Corso Trattati di Roma;50
Corso Trattati di Roma;50
Corso Valdocco;50
Corso Valdocco;50
Corso Valdocco;50
Corso Valdocco;50
Corso Valdocco;50
Corso Vigevano;30
Corso Vigevano;30
Corso Vittorio Emanuele II(TO);50
Corso Vittorio Emanuele II(TO);50
Largo Filippo Turati;30
Largo Giovanni Boccaccio;30
Largo Luca Della Robbia;50
Largo Luca Della Robbia;30
Largo Maurizio Vitale;50
Largo Moncalvo;50
Largo Moncalvo;50
Largo Odoardo Tabacchi;30
Largo Odoardo Tabacchi;30
Largo Odoardo Tabacchi;30
Largo Odoardo Tabacchi;30
Largo Orbassano;50
Largo Racconigi;30
Largo Racconigi;30
Largo Re Umberto;30
Lungo Dora Pietro Colletta;30
Lungo Dora Pietro Colletta;50
Lungo Dora Voghera;40
Lungo Po Alessandro Antonelli;40
Lungo Po Alessandro Antonelli;30
Lungo Po Alessandro Antonelli;50
name;maxspeed
Piazza Arturo Graf;50
Piazza Arturo Graf;50
Piazza Basilicata;30
Piazza Bruno Caccia;30
Piazza Bruno Caccia;30
Piazza Camillo Benso Conte di Cavour;30
Piazza Carlo Felice;50
Piazza Carlo Felice;50
Piazza Carlo Felice;50
Piazza Carlo Felice;50
Piazza Carlo Felice;50
Piazza Carlo Felice;50
Piazza Carlo Montanari;50
Piazza CLN;30
Piazza Crimea;30
Piazza Crimea;30
Piazza della Repubblica;30
Piazza della Repubblica;30
Piazza della Repubblica;30
Piazza della Repubblica;30
Piazza Desiderato Chiaves;50
Piazza Emanuele Filiberto;30
Piazza Francesco Carrara;30
Piazza Galimberti;50
Piazza Gran Madre di Dio;50
Piazza Guido Cavalcanti;30
Piazza Marmolada;50
Piazza Marmolada;50
Piazza Marmolada;50
Piazza Massaua;50
Piazza Massaua;50
Piazza Massaua;50
Piazza Massaua;50
Piazza Massaua;50
Piazza Massaua;50
Piazza Massaua;30
Piazza Massaua;50
Piazza Massaua;50
Piazza Massaua;50
Piazza Massaua;50
Piazza Massaua;50
Piazza Massaua;50
Piazza Massaua;50
Piazza Massaua;50
Piazza Omero;50
Piazza Omero;50
Piazza Ottorino Respighi;30
Piazza Pietro Francesco Guala;50
Piazza Pitagora;50
Piazza Riccardo Cattaneo;50
Piazza Riccardo Cattaneo;50
Piazza Santa Giulia;30
Piazza Santa Giulia;30
Piazza Santa Rita da Cascia;50
Piazza Santa Rita da Cascia;50
Piazza Santa Rita da Cascia;50
Piazza Santa Rita da Cascia;50
Piazza Santa Rita da Cascia;30
Piazza Santa Rita da Cascia;50
Piazza Santa Rita da Cascia;50
Piazza Santa Rita da Cascia;50
Piazza Santa Rita da Cascia;50
Piazza Santa Rita da Cascia;50
Piazza Santa Rita da Cascia;50
Piazza Santa Rita da Cascia;50
Piazza Santa Rita da Cascia;50
Piazza Santa Rita da Cascia;50
Piazza Santa Rita da Cascia;50
Piazza Santa Rita da Cascia;50
Piazza Santa Rita da Cascia;50
Piazza Tancredi Galimberti;50
Piazza Tancredi Galimberti;50
Piazza Tommaso Campanella;50
Piazza Vittorio Veneto;50
Piazza Vittorio Veneto;50
Piazza Vittorio Veneto;50
Piazzale Costantino Il Grande;30
Piazzale San Gabriele di Gorizia;50
Piazzetta della Chiesa;30
Piazzetta Giorgio Perlasca;50
Piazzetta Giorgio Perlasca;50
Strada Antica di Collegno;30
Strada Basse del Lingotto;20
Strada Castello di Mirafiori;50
Strada Castello di Mirafiori;30
Strada comunale del Cartman;30
Strada comunale del Cimitero di Sassi;30
Strada del Carossio;50
Strada del Lauro;30
Strada del Lauro;30
Strada del Lauro;30
Strada del Lauro;30
Strada del Lauro;30
Strada dell'Arrivore;50
Strada della Campagna;30
Strada della Lauretta;30
Strada della Lauretta;30
Strada della Pronda;50
Strada della Pronda;20
Strada della Pronda;20
Strada della Pronda;30
Strada della Pronda;50
Strada della Venaria;30
Strada delle Cacce;50
Strada delle Cacce;50
Strada delle Ghiacciaie;30
Strada delle Ghiacciaie;50
Strada Mongreno;50
Strada Mongreno;50
Strada Mongreno;50
Via Accademia Albertina;50
Via Accademia Albertina;50
Via Accademia Albertina;50
Via Accademia Albertina;50
Via Accademia Albertina;30
Via Accademia Albertina;50
Via Accademia Albertina;50
Via Accademia Albertina;50
Via Ada Negri;50
Via Agostino da Montefeltro;50
Via Airasca;50
Via Albenga;50
Via Albenga;50
Via Alfiano;50
Via Alfonso Lamarmora;50
Via Alfonso Ogliaro;50
Via Alfredo Catalani;50
Via Alpignano;30
Via Amerigo Vespucci;50
Via Amerigo Vespucci;20
Via Anastasio Germonio;30
Via Andrea Palladio;50
Via Andrea Provana;50
Via Andrea Provana;30
Via Andrea Sansovino;30
Via Andrea Sansovino;30
Via Angelo Tasca;30
Via Angelo Tasca;30
Via Antonio Giuseppe Bertola;30
Via Antonio Giuseppe Bertola;30
Via Antonio Giuseppe Bertola;30
Via Antonio Giuseppe Bertola;30
Via Antonio Pigafetta;50
Via Antonio Pigafetta;50
Via Antonio Vagnone;50
Via Aosta;30
Via Arcangelo Corelli;30
Via Arcangelo Corelli;30
Via Arduino;50
Via Arduino;50
Via Arquata;50
Via Arvier;50
Via Augusto Nomis Di Cossilla;50
Via Bagnasco;50
Via Bainsizza;50
Via Baltimora;50
Via Baltimora;30
Via Baltimora;50
Via Baltimora;50
Via Bard;30
Via Barletta;50
Via Barletta;50
Via Barletta;20
Via Barletta;50
Via Barletta;50
Via Barletta;50
Via Barletta;50
Via Barletta;20
Via Barletta;40
Via Battista Bena;30
Via Battista Bena;30
Via Beaulard;50
Via Bene Vagienna;50
Via Bernardo De Canal;50
Via Bettino Ricasoli;50
Via Bettino Ricasoli;40
Via Bettino Ricasoli;50
Via Bezzecca;30
Via Bezzecca;30
Via Bezzecca;30
Via Bezzecca;30
Via Bezzecca;30
Via Bezzecca;30
Via Bezzecca;30
Via Biella;30
Via Bionaz;50
Via Bistagno;50
Via Bobbio;50
Via Bobbio;50
Via Bobbio;50
Via Bobbio;50
Via Boston;50
Via Boston;50
Via Boston;50
Via Boston;50
Via Boston;30
Via Boston;30
Via Buenos Aires;50
Via Buenos Aires;30
Via Camillo Benso Conte di Cavour;50
Via Camillo Benso Conte di Cavour;30
Via Camillo Benso Conte di Cavour;30
Via Caprera;50
Via Caprera;50
Via Caraglio;50
Via Caraglio;50
Via Caraglio;50
Via Caraglio;50
Via Caraglio;30
Via Carlo Alberto;30
Via Carlo Alfonso Nallino;50
Via Carlo Alfonso Nallino;50
Via Carlo Casalegno;50
Via Carlo Casalegno;50
Via Carlo Casalegno;50
Via Carlo Casalegno;50
Via Carlo Casalegno;50
Via Carlo Casalegno;50
Via Carlo Castelnuovo delle Lanze;50
Via Carlo Ignazio Giulio;50
Via Carlo Ignazio Giulio;30
Via Carlo Ignazio Giulio;30
Via Carlo Pisacane;30
Via Carlo Pizzorno;50
Via Castagnevizza;50
Via Castagnevizza;50
Via Castelgomberto;30
Via Castelgomberto;30
Via Castelgomberto;30
Via Castelgomberto;30
Via Castelgomberto;30
Via Castelgomberto;30
Via Castelgomberto;30
Via Catania;30
Via Cavagnolo;30
Via Cavagnolo;30
Via Cavagnolo;30
Via Cavagnolo;30
Via Cavagnolo;30
Via Cervino;30
Via Cervino;30
Via Cesare Balbo;50
Via Cesare Reduzzi;50
Via Chambery;50
Via Chambery;50
Via Chambery;50
Via Cherso;50
Via Chiaro Davanzati;30
Via Claudio Luigi Berthollet;30
Via Claudio Luigi Berthollet;30
Via Col Di Lana;20
Via Corio;30
Via Cristoforo Colombo;50
Via Damiano Chiesa;50
Via degli Artisti;50
Via dei Gladioli;50
Via dei Gladioli;50
Via dei Gladioli;30
Via dei Gladioli;30
Via dei Gladioli;50
Via dei Gladioli;30
Via dei Gladioli;50
Via dei Gladioli;50
Via dei Gladioli;30
Via dei Mille;30
Via dei Mille;50
Via dei Mille;50
Via dell'Arco;30
Via dell'Arco;30
Via della Consolata;30
Via della Rocca;50
Via della Rocca;50
Via delle Glicini;30
Via delle Magnolie;30
Via delle Orfane;50
Via delle Pervinche;50
Via delle Pervinche;50
Via delle Pervinche;30
Via delle Pervinche;50
Via delle Pervinche;50
Via delle Pervinche;30
Via delle Pervinche;30
Via delle Pervinche;50
Via delle Pervinche;30
Via delle Pervinche;50
Via delle Primule;30
Via delle Primule;10
Via delle Rosine;30
Via delle Verbene;50
Via delle Verbene;30
Via delle Verbene;30
Via delle Verbene;30
Via delle Verbene;50
Via Domenico Guidobono;30
Via Domenico Guidobono;30
Via Domenico Guidobono;30
Via Domenico Millelire;30
Via Don Giovanni Bosco;50
Via Don Leonardo Murialdo;40
Via Duino;50
Via Duino;50
Via Duino;50
Via Duino;50
Via Edoardo Daneo;50
Via Edoardo Perroncito;50
Via Egeo;50
Via Egeo;50
Via Egeo;50
Via Elba;30
Via Eleonora d'Arborea;50
Via Emilio Ghione;30
Via Enrico Cialdini;30
Via Enrico Dandolo;50
Via Erasmo da Rotterdam;50
Via Ernesto Rossi;30
Via Ernesto Rossi;30
Via Ettore Fieramosca;50
Via Eusebio Bava;50
Via Eusebio Bava;50
Via Eusebio Bava;50
Via Eusebio Bava;50
Via Eusebio Bava;50
Via Eusebio Bava;50
Via Eusebio Bava;50
Via Eusebio Bava;50
Via Evangelista Torricelli;50
Via Felice Briccarello;50
Via Fernando De Rosa;50
Via Fiano;30
Via Filadelfia;50
Via Filadelfia;30
Via Filadelfia;50
Via Filadelfia;50
Via Filadelfia;50
Via Filadelfia;50
Via Filadelfia;40
Via Filadelfia;50
Via Filadelfia;50
Via Filadelfia;50
Via Filadelfia;50
Via Filadelfia;30
Via Filadelfia;30
Via Filadelfia;30
Via Filadelfia;30
Via Filadelfia;30
Via Filadelfia;30
Via Filadelfia;50
Via Filippo Acciarini;50
Via Forno Canavese;30
Via Francesco Cirio;50
Via Francesco dall'Ongaro;50
Via Francesco Ladetto;30
Via Francesco Millio;50
Via Francesco Millio;50
Via Francesco Millio;30
Via Francesco Millio;50
Via Francesco Morosini;50
Via Francesco Rismondo;50
Via Francesco Rismondo;40
Via Francesco Saverio Nitti;50
Via Francesco Valentino;50
Via Fratel Teodoreto;30
Via Fratelli Calandra;30
Corso Agnelli(TO);30
Corso Agnelli(TO);30
Via Fratelli Faà Di Bruno;50
Via fratelli Fornaca;50
Via fratelli Fornaca;50
Via Fratelli Garrone;50
Via Fratelli Vasco;30
Via Fratelli Vasco;30
Via Fratelli Vasco;30
Via Frejus;50
Via Frejus;50
Via Frejus;50
Via Frejus;50
Via Frinco;50
Via Frugarolo;50
Via Fulvio Croce;30
Via Gabriele Chiabrera;50
Via Gabriele Chiabrera;50
Via Gaetano Pugnani;30
Via Gattinara;30
Via Genova;50
Via Giacomo Balla;30
Via Giacomo Balla;30
Via Giacomo Balla;30
Via Giacomo Balla;30
Via Giacomo Dina;30
Via Giacomo Dina;30
Via Gian Domenico Cassini;30
Via Gian Domenico Cassini;50
Via Gioachino Rossini;50
Via Gioachino Rossini;50
Via Giorgio Pallavicino;50
Via Giorgio Pallavicino;50
Via Giovanni Battista Bricherasio;50
Via Giovanni Boccaccio;30
Via Giovanni Boccaccio;30
Via Giovanni Boccaccio;30
Via Giovanni Botero;30
Via Giovanni Da Verazzano;50
Via Giovanni Da Verazzano;50
Via Giovanni Emanuel;50
Via Giovanni Giolitti;50
Via Giovanni Giolitti;50
Via Giovanni Giolitti;30
Via Giovanni Giolitti;30
Via Giovanni Giolitti;30
Via Giovanni Palatucci;40
Via Giovanni Palatucci;50
Via Giovanni Palatucci;50
Via Giovanni Plana;50
Via Giovanni Plana;50
Via Giovanni Spano;50
Via Giovanni Spano;50
Via Giovanni Spano;50
Via Giovanni Spano;50
Via Giovanni Spano;50
Via Giovanni Verga;50
Via Giuseppe Barbaroux;30
Via Giuseppe Biamonti;30
Via Giuseppe Ciotta;30
Via Giuseppe Galliano;50
Via Giuseppe Giacosa;50
Via Giuseppe Grosso;50
Via Giuseppe Grosso;50
Via Giuseppe Grosso;30
Via Giuseppe Grosso;50
Via Giuseppe Grosso;50
Via Giuseppe Grosso;30
Via Giuseppe Luigi Lagrange;30
Via Giuseppe Mazzini;30
Via Giuseppe Mazzini;30
Via Giuseppe Mazzini;50
Via Giuseppe Mazzini;30
Via Giuseppe Mazzini;30
Via Giuseppe Mazzini;50
Via Giuseppe Piazzi;50
Via Giuseppe Piazzi;30
Via Giuseppe Romita;30
Via Giuseppe Vernazza;50
Via Gorizia;50
Via Gorizia;50
Via Gorizia;50
Via Gorizia;50
Via Gorizia;50
Via Gorizia;50
Via Gorizia;50
Via Gorizia;50
Via Gradisca;50
Via Gradisca;50
Via Gradisca;50
Via Guarino Guarini;50
Via Guastalla;50
Via Guastalla;50
Via Guastalla;50
Via Guastalla;50
Via Guglielmo Oberdan;50
Via Guido Cavalcanti;30
Via Guido Guinicelli;30
Via Guido Guinicelli;30
Via Guido Reni;30
Via Guido Reni;30
Via Guido Reni;30
Via Guido Reni;30
Via Guido Reni;30
Via Guido Reni;30
Via Guido Reni;30
Via Jonio;30
Via La Loggia;50
Via La Loggia;50
Via Lagnasco;50
Via Lamberto De Bernardi;30
Via Lamberto De Bernardi;50
Via Lanusei;50
Via Legnano;30
Via Legnano;50
Via Legnano;30
Via Legnano;30
Via Leopoldo Lanfranco;30
Via Leopoldo Lanfranco;30
Via Leopoldo Lanfranco;30
Via Lesegno;50
Via Lima;50
Via Lima;50
Via Locana;30
Via Lodovico Ariosto;30
Via Lomellina;30
Via Lomellina;30
Via Lomellina;30
Via Lomellina;30
Via Lomellina;50
Via Luca Della Robbia;50
Via Luigi Capriolo;50
Via Luigi Capriolo;50
Via Luigi Capriolo;50
Via Luigi Capriolo;30
Via Luigi Palma di Cesnola;50
Via Luigi Palma di Cesnola;30
Via Luigi Palma di Cesnola;30
Via Luigi Palma di Cesnola;30
Via Luigi Pasteur;50
Via Luigi Rolando;50
Via Luigi Santagata;50
Via Madonna della Salette;30
Via Madonna della Salette;50
Via Madonna delle Rose;50
Via Malta;30
Via Malta;30
Via Malta;30
Via Manfredo Fanti;50
Via Maria Adelaide Aglietta;50
Via Mario Leoni;50
Via Mario Ponzio;50
Via Mario Soldati;30
Via Masserano;30
Via Masserano;30
Via Matteo Pescatore;50
Via Metastasio;50
Via Metastasio;50
Via Michelangelo Tonello;30
Via Michelangelo Tonello;30
Via Michelangelo Tonello;30
Via Michele Buniva;50
Via Michele Buniva;50
Via Modane;50
Via Modane;50
Via Mombarcaro;50
Via Mombarcaro;50
Via Mombarcaro;50
Via Mombasiglio;50
Via Mombasiglio int. 27;50
Via Moncalvo;50
Via Moncalvo;50
Via Monesiglio;50
Via Monesiglio;50
Via Monfalcone;50
Via Monfalcone;50
Via Monfalcone;50
Via Monfalcone;50
Via Monginevro;50
Via Monginevro;50
Via Monginevro;50
Via Monginevro;40
Via Monginevro;50
Via Monginevro;50
Via Monginevro;50
Via Monginevro;40
Via Monginevro;50
Via Monte Corno;50
Via Monte Novegno;30
Via Monte Santo;50
Via Montebello;30
Via Montebello;30
Via Montebello;30
Via Monteu da Po;30
Via Monteu da Po;30
Via Montevideo;50
Via Montezemolo;50
Via Montezemolo;50
Via Murazzano;50
Via Musinè;30
Via Nuoro;30
Via Odoardo Tabacchi;30
Via Odoardo Tabacchi;30
Via Orbetello;50
Via Ormea;30
Via Oropa;50
Via Oslavia;50
Via Osoppo;50
Via Osoppo;50
Via Osoppo;50
Via Ozieri;30
Via Pallanza;50
Via Paolo Bentivoglio;50
Via Paolo Braccini;40
Via Paolo Braccini;40
Via Paolo Braccini;50
Via Paolo Gaidano;30
Via Paolo Gaidano;30
Via Paolo Gaidano;30
Via Paolo Gaidano;30
Via Paolo Gaidano;30
Via Paolo Gaidano;30
Via Paolo Gaidano;40
Via Paolo Sarpi;30
Via Paolo Veronese;30
Via Pasquale Paoli;50
Via Pastrengo;30
Via Pastrengo;30
Via Piacenza;30
Via Piacenza;30
Via Pier Domenico Olivero;50
Via Pier Domenico Olivero;50
Via Pietro Bagetti;50
Via Pietro Canonica;30
Via Pietro Cossa;30
Via Pietro Francesco Guala;50
Via Pietro Frattini;50
Via Piscina;50
Via Pollenzo;50
Via Pomaro;50
Via Pordenone;50
Via Postumia;30
Via Postumia;50
Via Principe Amedeo;50
Via Principe Tommaso;30
Via Principe Tommaso;30
Via Quarto dei Mille;50
Via Quinto Bevilacqua;50
Via Raffaele Cadorna;50
Via Raffaele Cadorna;50
Via Ragusa;30
Via Rapallo;30
Via Reggio;30
Via Reggio;30
Via Rieti;50
Via Riva del Garda;50
Via Rivalta;50
Via Rivalta;30
Via Rivara;30
Via Rivara;30
Via Roberto Crescenzio;30
Via Roccabruna;50
Via Roccabruna;50
Via Roccabruna;50
Via Rodolfo Renier;30
Via Roma;50
Via Rovereto;50
Via Rovereto;50
Via Rovereto;50
Via Rovereto;50
Via Rovereto;50
Via Ruggero Leoncavallo;30
Via Sacra di San Michele;30
Via Salbertrand;50
Via Salerno;30
Via Saliceto;50
Via San Donato;50
Via San Francesco d'Assisi;30
Via San Francesco d'Assisi;30
Via San Francesco da Paola;30
Via San Francesco da Paola;30
Via San Giorgio Canavese;50
Via San Giuseppe Benedetto Cottolengo;30
Via San Marino;50
Via San Marino;50
Via San Marino;50
Via San Marino;40
Via San Massimo;30
Via San Massimo;30
Via San Paolo;50
Via San Pietro in Vincoli;30
Via San Pietro in Vincoli;30
Via San Pietro in Vincoli;30
Via San Pietro in Vincoli;30
Via San Pio Quinto;50
Via San Pio Quinto;50
Via San Pio Quinto;50
Via San Pio Quinto;50
Via San Pio Quinto;50
Via San Pio Quinto;50
Via San Quintino;50
Via San Quintino;50
Via San Quintino;50
Via San Rocchetto;30
Via San Rocchetto;30
Via San Secondo;50
Via San Secondo;50
Via San Secondo;30
Via San Secondo;50
Via Sanremo;30
Via Sanremo;50
Via Sanremo;30
Via Sanremo;50
Via Sanremo;30
Via Sanremo;30
via Sant'Elia;50
Via Sant'Ottavio;50
Via Sant'Ottavio;50
Via Sant'Ottavio;50
Via Sant'Ottavio;50
Via Sant'Ottavio;50
Via Sant'Ottavio;50
Via Sant'Ottavio;50
Via Sant'Ottavio;30
Via Santa Chiara;30
Via Santa Chiara;50
Via Santa Chiara;30
Via Santa Giulia;50
Via Santa Giulia;50
Via Santa Giulia;50
Via S. Maria Mazzarello(TO);40
Via S. Maria Mazzarello(TO);40
Via S. Maria Mazzarello(TO);40
Via Sarre;40
Via Sebastiano Caboto;50
Via Serrano;50
Via Serrano;50
Via Silvio Pellico;50
Via Silvio Pellico;50
Via Solero;50
Via Solero;50
Via Sospello;50
Via Spalato;50
Via Spalato;50
Via Spoleto;30
Via Stelvio;50
Via Taggia;50
Via Tancredi Pozzi;30
Via Tempio Pausania;30
Via Tempio Pausania;30
Via Ticineto;50
Via Tintoretto;30
Via Tintoretto;30
Via Tintoretto;30
Via Tirreno;30
Via Tirreno;50
Via Tirreno;50
Via Tirreno;50
Via Tirreno;50
Via Tirreno;50
Via Tirreno;50
Via Tirreno;50
Via Tirreno;50
Via Tirreno;30
Via Tirreno;50
Via Tirreno;30
Via Tirreno;50
Via Tolmino;50
Via Tolmino;50
Via Tolmino;50
Via Tripoli;50
Via Tripoli;50
Via Tripoli;50
Via Tripoli;30
Via Tripoli;30
Via Tunisi;50
Via Tunisi;50
Via Ugo Ceresero;30
Via Urbano Rattazzi;50
Via Valgioie;30
Via Vandalino;40
Via Vandalino;40
Via Vandalino;50
Via Venaria;30
Via Venti Settembre;30
Via Venti Settembre;30
Via Venti Settembre;30
Via Venti Settembre;30
Via Vezzolano;30
Via Villa Giusti;50
Via Villar;30
Via Vipacco;50
Via Vistrorio;50
Via Vistrorio;50
Via Vittorio Amedeo Secondo;50
Via Vittorio Bottego;50
Via Vittorio Bottego;50
Via Viverone;50
Vicolo Grosso;30
